Function,Folder
binary_complex_equivalency,feature_engineering.py
create_segment_range,feature_engineering.py
univariate_analysis,eda_functions.py
ml_validation_data_cleaning,eda_functions.py
stastical_compare_column_diff,eda_functions.py
stastical_compare_column_diff_grouped,eda_functions.py
InspectFunction,utility_functions.py
extract_tables_from_db,utility_functions.py
gpt_question,utility_functions.py
standardize_column_text,df_column_engineering.py
word_counts_from_column,df_column_engineering.py
create_knowledge_base,taxonomy_admin_functions.py
create_blank_function_doc_string,taxonomy_admin_functions.py
parse_dot_py_file,taxonomy_admin_functions.py
create_python_documentation,taxonomy_admin_functions.py
create_df_dot_py_doc_string,taxonomy_admin_functions.py
read_dot_py_doc_string,taxonomy_admin_functions.py
generate_objects_automated_py,taxonomy_admin_functions.py
read_directory,filesystem_tools.py
move_file_in_folder,filesystem_tools.py
ReadTextFiles,filesystem_tools.py
extract_py_folder_from_git_repo,filesystem_tools.py
copy_os_folder,filesystem_tools.py
df_compare,data_validation.py
sample_knowledge_test_single_df,d_daily_test.py
d_daily_test,d_daily_test.py
test_previous_errors,d_daily_test.py
add_word_quote,d_daily_test.py
extract_object_dot_py,archive.py
ETL,archive.py
generate_knowledgebase,archive.py
generate_objects_automated_py,archive.py
extract_consolidated_raw_dataset,archive.py
extract_table_structure_from_sql,archive.py
ColumnDQComparison,archive.py
DfDqComparison,archive.py
txt_to_python,object_rendering.py
export_formatted_df_to_single_xlsx,object_rendering.py
visualize_dataframe_in_notebook,object_rendering.py
print_dict,object_rendering.py
create_short_form_ml_project_dict,object_rendering.py
create_machine_learning_project_baseline,object_rendering.py
create_base_ml_dictionary_from_df,object_rendering.py
create_baseline_dictionary_for_project,object_rendering.py
visualize_dict_as_docx,object_rendering.py
generate_formated_excel_file,object_rendering.py
extract_py_folder_from_git_repo,external_connections.py
FunctionToSTR,text_parsing.py
compare_function,text_parsing.py
create_ml_dictionary_template,ml_project.py
